<?xml version="1.0" encoding="UTF-8" standalone="yes"?>
<urn:PaymentMessage xmlns:urn="urn:absa.co.za">
    <urn:metadata>
        <urn:entry>
            <urn:key>country</urn:key>
            <urn:value>KEN</urn:value>
        </urn:entry>
        <urn:entry>
            <urn:key>amount</urn:key>
            <urn:value>5000.00</urn:value>
        </urn:entry>
        <urn:entry>
            <urn:key>reference</urn:key>
            <urn:value>2ob3nu021091431</urn:value>
        </urn:entry>
        <urn:entry>
            <urn:key>currency</urn:key>
            <urn:value>ZAR</urn:value>
        </urn:entry>
        <urn:entry>
            <urn:key>methodOfPayment</urn:key>
            <urn:value>ELECTRONIC_FUNDS_TRANSFER</urn:value>
        </urn:entry>
        <urn:entry>
            <urn:key>remittanceInfo</urn:key>
            <urn:value>L.VERSLU TANESCO CNTRL 991080007423</urn:value>
        </urn:entry>
        <urn:entry>
            <urn:key>paymentProcessor</urn:key>
            <urn:value>EPS</urn:value>
        </urn:entry>
    </urn:metadata>
</urn:PaymentMessage>
