<?xml version="1.0" encoding="UTF-8" standalone="yes"?>
<urn:PaymentMessage xmlns:urn="urn:absa.co.za">
    <urn:metadata>
        <urn:entry>
            <urn:key>country</urn:key>
            <urn:value>UGA</urn:value>
        </urn:entry>
        <urn:entry>
            <urn:key>amount</urn:key>
            <urn:value>3400.00</urn:value>
        </urn:entry>
        <urn:entry>
            <urn:key>reference</urn:key>
            <urn:value>2ob3nu021091432</urn:value>
        </urn:entry>
        <urn:entry>
            <urn:key>currency</urn:key>
            <urn:value>USD</urn:value>
        </urn:entry>
        <urn:entry>
            <urn:key>methodOfPayment</urn:key>
            <urn:value>INTERNATIONAL_PAYMENT</urn:value>
        </urn:entry>
        <urn:entry>
            <urn:key>remittanceInfo</urn:key>
            <urn:value>L.SIBIYA UGA PORTAL  771080001223</urn:value>
        </urn:entry>
        <urn:entry>
            <urn:key>paymentProcessor</urn:key>
            <urn:value>BAPS</urn:value>
        </urn:entry>
    </urn:metadata>
</urn:PaymentMessage>
