{
  "payments": [
     {
    "country": "KEN",
    "amount": "3300.50",
    "reference": "2ob3nu021091440",
    "currency": "KES",
    "methodOfPayment": "IMMEDIATE_PAYMENT",
    "remittanceInfo": "MOKETO MOKWENA",
    "paymentProcessor": "IIP"
    },
       {
      "country": "KEN",
      "amount": "100.50",
      "reference": "2ob3nu021091441",
      "currency": "KES",
      "methodOfPayment": "MOBILE_PAYMENT",
      "remittanceInfo": "MOKETO MOKWENA",
      "paymentProcessor": "DLV"
    },
       {
      "country": "KEN",
      "amount": "7000.50",
      "reference": "2ob3nu021091442",
      "currency": "KES",
      "methodOfPayment": "MOBILE_PAYMENT",
      "remittanceInfo": "SIPHIWE THABANG",
      "paymentProcessor": "DLV"
    }
  ]
}
